claim_id,claim,theorem_or_lemma,proof_checker_or_implementation,source_or_test,experiment,figure_table_or_manuscript_location,raw_result,maturity_state,fresh_recheck
C01,"For independent closed release windows and a release-oblivious service clock, one clipped release vector simultaneously maximizes every tenant at a fixed observation",proofs/core.md §2 Lemma 1 and Theorem 1,"src/queues.py shadow_reference, shadow_fast, witness",inputs/pilot.json; inputs/bounded.jsonl; unit witness test,pilot and bounded window validation,main Theorem 2; Fig. 1,results/pilot.json; results/bounded-*.json,proved in written mathematics; finite-checked,"Proof quantifiers, tied events, zero service, and reconstructed witnesses rechecked 2026-09-15; not mechanized"
C02,Exact pooled and private robust capacities occur at lower release endpoints,proofs/core.md §2 Corollary 1,src/queues.py; src/oracle.py enumerate_releases,same frozen window inputs as C01,pilot and bounded window validation,main Corollary 3; Table II,results/pilot.json; results/bounded-*.json,proved; finite-checked,Upper-endpoint cancellation and joint attainability rechecked
C03,A transparent checker recomputes exact envelope rows in O(nm) arithmetic and O(n+m) working entries; retaining all q/p rows is optional Theta(nm) output storage,proofs/core.md §3 recurrence and invariant,src/queues.py shadow_reference; src/queue_certificate.py check/verify,running example; sparse n=m storage family; unit mutation suite,"example certificate, bounded comparisons, and n=m in {8,16,32,64,128,256}",main Section IV and Eqs. 6-7,results/example-check.json; results/example-verification.json; results/controls.json,proved algorithmic invariant; finite-checked,Sparse event entries equal 2m and reference/producer values agree at all six sizes; 15 inconsistent certificate mutations rejected
C04,For constant reservations a heap producer runs in O((m+n) log(m+n)) arithmetic/comparison operations,proofs/core.md §3 heap invariant and event count,src/queues.py shadow_fast,"pilot, bounded inputs, stale-heap unit test",window validation,main Eq. 8 and Section IV,results/pilot.json; results/bounded-*.json; results/test-summary.json,proved operation bound; finite-checked,"Stale generations, zero rates, tied deadlines and permutation invariance rechecked"
C05,Fixed equal-cell calendars are exact special cases of release-oblivious service clocks,proofs/core.md §6,src/queues.py cell_shadow_events and cell_shadow,three frozen calendars for each bounded instance; large-horizon unit test,calendar validation,main Section III-C and Table III,results/pilot.json; results/bounded-*.json,proved corollary; finite-checked,Prefix-clock and slot replay agree on 289902 traces; no calendar-design claim
C06,Private-cap admission is characterized by instantaneous cuts and minimum per-tenant rates,proofs/core.md §4 Theorem 2,src/allocation.py private_admission,inputs/allocation-bounded.json,3888 cap combinations,main Theorem 5,results/allocation-bounded.json,proved; finite-checked,All decisions compared with exhaustive actual-release traces
C07,General pooled reservation design has an exact linear epigraph formulation,proofs/core.md §5 Theorem 3,written characterization; recurrence implementation only,all window inputs indirectly exercise recurrence,no general LP solver experiment,main Proposition 6,proofs/core.md,proved in written mathematics,Both directions of epigraph dominance rechecked; implementation non-claim retained
C08,"For constant rates the exact pooled requirement is a finite max of affine cut-tuple lines and is convex, coordinatewise nonincreasing, and piecewise affine",proofs/core.md §5 max-affine representation,src/allocation.py line construction for two tenants,allocation pilots and bounded domain,two-tenant line/value comparisons,main Eqs. 13-14,results/allocation-pilot.json; results/allocation-bounded.json,proved; special case finite-checked,"Cut domains rechecked for nonempty traffic; empty traffic is a separate zero-budget branch, not a genuine line"
C09,"For nonempty traffic, a general n-tenant optimum admits a certificate using at most n+1 active genuine cut lines plus KKT multipliers",proofs/core.md §5 Theorem 4,written certificate theorem; no general producer,mathematical proof only,none,main Theorem 7 and Eqs. 15-16,proofs/core.md,proved in written mathematics only,"Nonempty quantifier, global affine lower-bound proof, and Caratheodory support bound rechecked; no solver claim"
C10,Two-tenant pooled allocation has an exact hull optimizer and one/two-line optimality certificate,proofs/core.md §5 Theorem 5,src/allocation.py optimize_two and verify_two; independent actual-trace oracle,inputs/allocation-pilot.json; inputs/allocation-bounded.json,80 pilot + 432 bounded allocation cases,main Theorem 8; Fig. 2,results/allocation-pilot.json; results/allocation-bounded.json; results/example-certificate.json,proved; finite-checked,Nonempty objective and smallest optimizer match independent oracle; empty traffic uses a verified zero sentinel outside the cut-line theorem
C11,Binary phase robust peak is attained at one of at most 2m possible arrival epochs and factorizes by tenant,proofs/correlated-phases.md §§2-3,src/phase_dp.py candidate_times and factor construction,all graph instances; generic phase unit tests,correlation validation,main Eqs. 18-19,results/correlation.json,proved; finite-checked,Candidate completeness and factor scopes rechecked
C12,Exact max-sum elimination runs in polynomial size times 2^(w+1) for a supplied induced-width order,proofs/correlated-phases.md §4,"src/phase_dp.py robust_phase_peak, induced_width",75 small graphs and 64-vertex path,exhaustive comparison and width-one stress,main Theorem 9 and Eq. 20,results/correlation.json,proved; finite-checked,"All small optima/witnesses match exhaustive; path width 1, peak 316, 2020 factor entries"
C13,Elimination records reconstruct a maximizing phase assignment and the supplied order/width are directly checkable,proofs/correlated-phases.md §§4-5,src/phase_dp.py traceback and width simulation,phase DP unit tests and exhaustive graph domain,correlation validation,main Section VI-B,results/correlation.json; results/test-summary.json,proved invariant; finite-checked,"Argmax row indexing, fill edges, and replayed witness checked"
C14,"Binary shared-phase OVERLOAD is NP-complete and SAFE is coNP-complete with unit bursts, equal rates, and four epochs",proofs/correlated-phases.md §§6-8,src/phases.py graph_instance and phase_trace,all labeled simple graphs on 1-4 vertices,1098 assignment replays,main Theorem 10,results/correlation.json,proved reduction; finite construction checks,"NP membership, scaling, four epochs, interaction graph identity, and global drain rechecked"
C15,For every reduction assignment the global peak equals M plus cut_G(x),proofs/correlated-phases.md global-peak identity,src/phases.py; src/validate_cases.py graph_cases,same graph domain as C14,1098 assignment identities,main Eq. 21,results/correlation.json,proved; finite-checked,Anchor and final-arrival competing peaks explicitly bounded
C16,Universal polynomial SAFE certificates for unrestricted binary phases would imply NP=coNP,proofs/correlated-phases.md §7,written complexity consequence,none,none,main discussion after Theorem 10,proofs/correlated-phases.md,conditional theorem,Not stated as an unconditional lower bound for individual instances
C17,Robust capacity is monotone under uncertainty-set inclusion; outer safety and inner overload transfer in opposite directions,proofs/core.md §8 Proposition 5,set-level mathematical argument; controls illustrate strict gaps,controls,deterministic controls,main Proposition 15 and Section VIII-B,results/controls.json,proved; illustrated by finite controls,"Window tightening, phase merge/split, and composition directions rechecked"
C18,Enumerating every release-window endpoint corner can understate required memory by factor m,proofs/core.md §7 Proposition 1,src/validate_cases.py controls,m=2..10 deterministic construction,all 2^m corners per case,main Proposition 11; Fig. 3,results/controls.json; results/derived/corners.csv,proved; exhaustive finite check,Interior common release and all corners rechecked
C19,Replacing a common-shift correlated family by independent marginal windows can overstate memory by factor m,proofs/core.md §7 Proposition 3,src/validate_cases.py controls,deterministic common-shift family,control,main Proposition 12,results/controls.json,proved; finite-checked,Safe outer-approximation direction rechecked
C20,Summing private maxima can overstate exact pooled memory by factor n and cannot recover cross-tenant phase,proofs/core.md §7 Proposition 2,src/validate_cases.py controls,staggered and synchronized constructions,control,main Proposition 13,results/controls.json,proved; finite-checked,Both instances retain identical private maxima
C21,Equal average calendar quota does not determine exact buffer demand,proofs/core.md §7 Proposition 4,src/queues.py calendar replay; controls,calendars 0011 and 0101,control,main Proposition 14,results/controls.json,exact counterexample; finite-checked,Pre-service observation convention and tenant index rechecked
C22,Exact necessity under fixed reservations does not transfer to a work-conserving aggregate server,"proofs/core.md §§1,7,9",src/validate_cases.py controls,two size-2 bursts at times 0 and 2,control,main Section VII-C,results/controls.json,model-separating counterexample,Peak 3 under reservation 1/2 versus peak 2 under aggregate capacity 2
C23,All declared bounded validation domains agree with their independent oracles,finite validation protocol,src/validate_cases.py; src/oracle.py; reproduce.py,inputs/validation-plan.json and all retained inputs,17 validation jobs,main Table III and Section VII,results/*.json; results/derived/summary.json,measured exact finite evidence,"20736 windows, 96000 fluid, 288000 calendars, 432 allocation, 3888 caps, 75 graphs, 1098 phases, and six sparse-storage sizes rechecked"
C24,"The current strict test contract executes 19 core and 15 additional methods (34 total), all passing; the core mutation test rejects 15 corrupted certificates",test specification,tests/test_models.py; tests/test_independent_oracles.py; tests/test_independent_oracles_adversarial.py; tests/run.py,deterministic unit suite with rational-phase replay regression,partitioned deterministic test contract,main Section VII-A,results/test-summary.json,finite-checked,Windows function-level execution 2026-10-06 found exactly 19 core and 15 additional methods; failures=0 and errors=0; POSIX main not run
C25,Historical clean two-part reproduction matched the then-shipped scientific fields and derived CSV,reproduction contract,reproduce.py; export_results.py,standalone clean extraction before rational-phase regression,two serial parts,main Section VII-D,results/resource-use.json; results/first-part-resources.json; results/second-part-resources.json,historical measured reproducibility evidence,Original 33-test suite: 18.096426 parent+child CPU seconds; 18.712093 active wall seconds; largest child 40504 KiB; one worker; not measurements of revised suite
C26,"The manuscript comparison is calibrated against 12 TPDS, 5 influential, and 5 adjacent full papers and removes broad proactive/buffer novelty claims",artifact/literature.md completed matrices,literature record and references.bib,primary publisher/author full texts and records,structural and focused technical reading,main Section II,literature.md; external_resources.csv,completed literature calibration; not independent novelty certification,Count and non-overlap rechecked; no award status asserted
C27,The retained PDF has 12 IEEE double-column pages; revised sources retain 8 main sections and 61 cited references,internal paper contract,paper/build.sh; historical PDF inspection,paper/main.tex; references.bib,historical compile and visual inspection,entire manuscript,paper/main.pdf,historical PDF; current source build pending,"The source repairs have not been compiled or rendered in this worker; no current layout or page-count assurance"
