name,scholarly_or_official_url,license,access_date,resource_type,acquisition_method,integration_mode,supported_claim_and_read_state,internals_modified
Data Center TCP (DCTCP),https://people.csail.mit.edu/alizadeh/papers/dctcp-sigcomm10.pdf,Publisher/author copyright; no redistribution permission asserted,2026-09-15,scholarly paper,Author-hosted full text; full-paper calibration and focused technical reading,Citation/calibration only; no source PDF or third-party code bundled,"Reactive ancestor, first-burst boundary, canonical systems narrative",no
Network Calculus,https://leboudec.github.io/netcal/latex/netCalBook.pdf,Publisher/author copyright; no redistribution permission asserted,2026-09-15,scholarly book,Author-hosted full text; selected equation-level sections,Citation/calibration only; no source PDF or third-party code bundled,Standard cumulative arrival/service and backlog identities,no
Tight Performance Bounds in Feed-Forward Networks,https://link.springer.com/article/10.1007/s10626-015-0213-2,Publisher/author copyright; no redistribution permission asserted,2026-09-15,scholarly paper,Historical publisher/author reading; publisher identity and abstract rechecked 2026-10-06,Citation/calibration only; no source PDF or third-party code bundled,Prior worst-case backlog hardness in a different feed-forward model; current journal full text not accessed,no
Some Simplified NP-Complete Graph Problems,https://doi.org/10.1016/0304-3975(76)90059-1,Publisher/author copyright; no redistribution permission asserted,2026-09-15,scholarly paper,Publisher metadata and source theorem checked,Citation/calibration only; no source PDF or third-party code bundled,Simple unweighted MAX-CUT NP-completeness premise,no
Incast-Free MoE Rate-Based Scheduling,https://arxiv.org/abs/2607.26340,Publisher/author copyright; no redistribution permission asserted,2026-09-15,scholarly preprint,Complete arXiv text; substantive reading,Citation/calibration only; no source PDF or third-party code bundled,Recent proactive collective rate scheduling; not deployment evidence,no
Luopan,https://doi.org/10.1109/TPDS.2018.2858815,Publisher/author copyright; no redistribution permission asserted,2026-09-15,TPDS scholarly paper,Complete-paper structural calibration plus focused relevant-section reading,Citation/calibration only; no source PDF or third-party code bundled,Sampling-based datacenter load balancing; TPDS narrative calibration,no
ScaleFlux,https://doi.org/10.1109/TPDS.2022.3204209,Publisher/author copyright; no redistribution permission asserted,2026-09-15,TPDS scholarly paper,Complete-paper structural calibration plus focused relevant-section reading,Citation/calibration only; no source PDF or third-party code bundled,Stateful NFV scaling; invariant-to-implementation narrative calibration,no
ADMM Cloud Traffic Management,https://doi.org/10.1109/TPDS.2017.2658620,Publisher/author copyright; no redistribution permission asserted,2026-09-15,TPDS scholarly paper,Complete-paper structural calibration plus focused relevant-section reading,Citation/calibration only; no source PDF or third-party code bundled,Distributed optimization formulation and evaluation pattern,no
Large-Scale Measurements and Prediction of DC-WAN Traffic,https://doi.org/10.1109/TPDS.2023.3245092,Publisher/author copyright; no redistribution permission asserted,2026-09-15,TPDS scholarly paper,Complete-paper structural calibration plus focused relevant-section reading,Citation/calibration only; no source PDF or third-party code bundled,Measurement/prediction methodology; external-validity contrast,no
Towards Practical and Near-Optimal Coflow Scheduling,https://doi.org/10.1109/TPDS.2016.2525767,Publisher/author copyright; no redistribution permission asserted,2026-09-15,TPDS scholarly paper,Complete-paper structural calibration plus focused relevant-section reading,Citation/calibration only; no source PDF or third-party code bundled,"Coflow scheduling algorithm, bound, and evaluation pattern",no
Fair Coflow Scheduling via Controlled Slowdown,https://doi.org/10.1109/TPDS.2024.3446188,Publisher/author copyright; no redistribution permission asserted,2026-09-15,TPDS scholarly paper,Complete-paper structural calibration plus focused relevant-section reading,Citation/calibration only; no source PDF or third-party code bundled,Fairness objective and coflow evaluation boundary,no
Performance Bounds for Priority-Based Stochastic Coflow Scheduling,https://doi.org/10.1109/TPDS.2026.3690856,Publisher/author copyright; no redistribution permission asserted,2026-09-15,TPDS scholarly paper,Complete-paper structural calibration plus focused relevant-section reading,Citation/calibration only; no source PDF or third-party code bundled,"Stochastic coflow model, relaxation, approximation and numerical evidence",no
PayDebt,https://doi.org/10.1109/TPDS.2022.3202504,Publisher/author copyright; no redistribution permission asserted,2026-09-15,TPDS scholarly paper,Complete-paper structural calibration plus focused relevant-section reading,Citation/calibration only; no source PDF or third-party code bundled,Closest operational burst-buffer mechanism; no exact offline capacity certificate,no
P-PFC,https://doi.org/10.1109/TPDS.2020.2969182,Publisher/author copyright; no redistribution permission asserted,2026-09-15,TPDS scholarly paper,Complete-paper structural calibration plus focused relevant-section reading,Citation/calibration only; no source PDF or third-party code bundled,Predictive lossless congestion control; broad novelty boundary,no
Token-Oriented In-Network Prioritization (TOP),https://doi.org/10.1109/TPDS.2019.2958899,Publisher/author copyright; no redistribution permission asserted,2026-09-15,TPDS scholarly paper,Complete-paper structural calibration plus focused relevant-section reading,Citation/calibration only; no source PDF or third-party code bundled,In-network prioritization architecture and evaluation pattern,no
Swing,https://doi.org/10.1109/TPDS.2022.3215517,Publisher/author copyright; no redistribution permission asserted,2026-09-15,TPDS scholarly paper,Complete-paper structural calibration plus focused relevant-section reading,Citation/calibration only; no source PDF or third-party code bundled,Long-range lossless RDMA; multi-hop/protocol evidence boundary,no
Synchronization Bottleneck of OpenStack Swift-Like Systems,https://doi.org/10.1109/TPDS.2018.2810179,Publisher/author copyright; no redistribution permission asserted,2026-09-15,TPDS scholarly paper,Complete-paper structural calibration plus focused relevant-section reading,Citation/calibration only; no source PDF or third-party code bundled,Synchronized distributed-stage diagnosis and evaluation pattern,no
pFabric,https://doi.org/10.1145/2486001.2486031,Publisher/author copyright; no redistribution permission asserted,2026-09-15,influential scholarly paper,Complete-paper structural calibration plus focused relevant-section reading,Citation/calibration only; no source PDF or third-party code bundled,Canonical minimal-principle transport narrative,no
Varys,https://doi.org/10.1145/2619239.2626315,Publisher/author copyright; no redistribution permission asserted,2026-09-15,influential scholarly paper,Complete-paper structural calibration plus focused relevant-section reading,Citation/calibration only; no source PDF or third-party code bundled,Coflow coordination and application-level scheduling narrative,no
Fastpass,https://doi.org/10.1145/2619239.2626309,Publisher/author copyright; no redistribution permission asserted,2026-09-15,influential scholarly paper,Complete-paper structural calibration plus focused relevant-section reading,Citation/calibration only; no source PDF or third-party code bundled,Centralized planning architecture and implementation/evaluation pattern,no
Homa,https://doi.org/10.1145/3230543.3230564,Publisher/author copyright; no redistribution permission asserted,2026-09-15,influential scholarly paper,Complete-paper structural calibration plus focused relevant-section reading,Citation/calibration only; no source PDF or third-party code bundled,Receiver-driven transport; queue safety versus FCT boundary,no
ABM,https://doi.org/10.1145/3544216.3544252,Publisher/author copyright; no redistribution permission asserted,2026-09-15,adjacent-venue scholarly paper,Complete-paper structural calibration plus focused relevant-section reading,Citation/calibration only; no source PDF or third-party code bundled,Active shared-buffer management; closest broad guarantee boundary,no
Traffic-Aware Buffer Management,https://doi.org/10.1109/TNET.2022.3173930,Publisher/author copyright; no redistribution permission asserted,2026-09-15,adjacent-venue scholarly paper,Complete-paper structural calibration plus focused relevant-section reading,Citation/calibration only; no source PDF or third-party code bundled,Traffic-aware switch buffer sharing,no
Reverie,https://www.usenix.org/conference/nsdi24/presentation/addanki-reverie,Publisher/author copyright; no redistribution permission asserted,2026-09-15,adjacent-venue scholarly paper,Complete-paper structural calibration plus focused relevant-section reading,Citation/calibration only; no source PDF or third-party code bundled,Mixed RDMA/TCP filtered buffer sharing,no
Credence,https://www.usenix.org/conference/nsdi24/presentation/addanki,Publisher/author copyright; no redistribution permission asserted,2026-09-15,adjacent-venue scholarly paper,Complete-paper structural calibration plus focused relevant-section reading,Citation/calibration only; no source PDF or third-party code bundled,ML-augmented buffer sharing; prediction-evidence boundary,no
Occamy,https://doi.org/10.1145/3689031.3717495,Publisher/author copyright; no redistribution permission asserted,2026-09-15,adjacent-venue scholarly paper,Complete-paper structural calibration plus focused relevant-section reading,Citation/calibration only; no source PDF or third-party code bundled,Preemptive on-chip shared-memory buffer management,no
SIRD,https://www.usenix.org/conference/nsdi25/presentation/prasopoulos,Publisher/author copyright; no redistribution permission asserted,2026-09-15,scholarly paper,Publisher/author record and relevant sections,Citation/calibration only; no source PDF or third-party code bundled,Sender-informed receiver-driven transport context,no
BFC,https://www.usenix.org/conference/nsdi22/presentation/goyal,Publisher/author copyright; no redistribution permission asserted,2026-09-15,scholarly paper,Publisher/author record and relevant sections,Citation/calibration only; no source PDF or third-party code bundled,Backpressure flow-control context,no
Dechter bucket elimination,https://doi.org/10.1016/S0004-3702(99)00059-4,Publisher/author copyright; no redistribution permission asserted,2026-09-15,scholarly paper,Publisher/author record and relevant sections,Citation/calibration only; no source PDF or third-party code bundled,Exact max-sum elimination foundation,no
Bodlaender treewidth algorithm,https://doi.org/10.1137/S0097539793251219,Publisher/author copyright; no redistribution permission asserted,2026-09-15,scholarly paper,Publisher/author record and relevant sections,Citation/calibration only; no source PDF or third-party code bundled,Treewidth algorithmic context,no
Bertsimas-Sim robustness,https://doi.org/10.1287/opre.1030.0065,Publisher/author copyright; no redistribution permission asserted,2026-09-15,scholarly paper,Publisher/author record and relevant sections,Citation/calibration only; no source PDF or third-party code bundled,Robust-optimization context,no
TPDS Author Information,https://www.computer.org/csdl/journal/td/write-for-us/15085?title=Author%20Information&periodical=IEEE%20Transactions%20on%20Parallel%20and%20Distributed%20Systems,Official website; not redistributed,2026-09-15,venue workflow source,Official page attempted; usable static content not returned,Workflow only; not a scholarly reference,Live submission-rule recheck remains required,no
IEEE Template Selector,https://template-selector.ieee.org/,Official website; not redistributed,2026-09-15,template workflow source,Official selector attempted; did not resolve,Workflow only,Supplied IEEE journal family retained; live selector recheck required,no
IEEE AI-content guidance,https://open.ieee.org/author-guidelines-for-artificial-intelligence-ai-generated-text/,Official website; not redistributed,2026-09-15,publication policy,Official first-party guidance read,Workflow only,Substantive AI assistance must be disclosed truthfully,no
Supplied IEEEtran journal assets,https://template-selector.ieee.org/,LPPL 1.3; original notices retained,2026-09-15,publisher class and bibliography style,Matched user-supplied archive inspected structurally,Unmodified files retained in paper/ only,Internal IEEE-journal build,no
Python standard library,https://docs.python.org/3/library/,PSF license; interpreter not redistributed,2026-09-15,execution dependency,Preinstalled runtime; no network acquisition,Imports only,Exact rational arithmetic and serial validation,no
ExpressPass formal paper,https://people.csail.mit.edu/inhocho/papers/sigcomm17credit.pdf,Publisher/author copyright; no redistribution permission asserted,2026-09-25,scholarly paper primary source,Author/publisher source; title page and bibliographic identity checked,Citation identity only; no source PDF or third-party code bundled,Formal title and complete author list for citation key expresspass,no
pHost,https://www.cs.cornell.edu/~ragarwal/pubs/pHost.pdf,Publisher/author copyright; no redistribution permission asserted,2026-09-25,scholarly paper primary source,Author/publisher source; title page and bibliographic identity checked,Citation identity only; no source PDF or third-party code bundled,Formal title and complete author list for citation key phost,no
Presto,https://conferences.sigcomm.org/sigcomm/2015/pdf/papers/p465.pdf,Publisher/author copyright; no redistribution permission asserted,2026-09-25,scholarly paper primary source,Author/publisher source; title page and bibliographic identity checked,Citation identity only; no source PDF or third-party code bundled,Formal title and complete author list for citation key presto,no
Let It Flow (LetFlow),https://www.usenix.org/conference/nsdi17/technical-sessions/presentation/vanini,Publisher/author copyright; no redistribution permission asserted,2026-09-25,scholarly paper primary source,Author/publisher source; title page and bibliographic identity checked,Citation identity only; no source PDF or third-party code bundled,Formal title and complete author list for citation key letflow,no
Sincronia,https://saksham.web.illinois.edu/assets/pdf/sincronia.pdf,Publisher/author copyright; no redistribution permission asserted,2026-09-25,scholarly paper primary source,Author/publisher source; title page and bibliographic identity checked,Citation identity only; no source PDF or third-party code bundled,Formal title and complete author list for citation key sincronia,no
