rate0,pool,decreasing_cut,increasing_cut
0.250000,10.000000,9.500000,6.500000
0.275000,9.900000,9.450000,6.550000
0.300000,9.800000,9.400000,6.600000
0.325000,9.700000,9.350000,6.650000
0.350000,9.600000,9.300000,6.700000
0.375000,9.500000,9.250000,6.750000
0.400000,9.400000,9.200000,6.800000
0.425000,9.300000,9.150000,6.850000
0.450000,9.200000,9.100000,6.900000
0.475000,9.100000,9.050000,6.950000
0.500000,9.000000,9.000000,7.000000
0.525000,8.950000,8.950000,7.050000
0.550000,8.900000,8.900000,7.100000
0.575000,8.850000,8.850000,7.150000
0.600000,8.800000,8.800000,7.200000
0.625000,8.750000,8.750000,7.250000
0.650000,8.700000,8.700000,7.300000
0.675000,8.650000,8.650000,7.350000
0.700000,8.600000,8.600000,7.400000
0.725000,8.550000,8.550000,7.450000
0.750000,8.500000,8.500000,7.500000
0.775000,8.450000,8.450000,7.550000
0.800000,8.400000,8.400000,7.600000
0.825000,8.350000,8.350000,7.650000
0.850000,8.300000,8.300000,7.700000
0.875000,8.250000,8.250000,7.750000
0.900000,8.200000,8.200000,7.800000
0.925000,8.150000,8.150000,7.850000
0.950000,8.100000,8.100000,7.900000
0.975000,8.050000,8.050000,7.950000
1.000000,8.000000,8.000000,8.000000
1.025000,8.050000,7.950000,8.050000
1.050000,8.100000,7.900000,8.100000
1.075000,8.150000,7.850000,8.150000
1.100000,8.200000,7.800000,8.200000
1.125000,8.250000,7.750000,8.250000
1.150000,8.300000,7.700000,8.300000
1.175000,8.350000,7.650000,8.350000
1.200000,8.400000,7.600000,8.400000
1.225000,8.450000,7.550000,8.450000
1.250000,8.500000,7.500000,8.500000
1.275000,8.550000,7.450000,8.550000
1.300000,8.600000,7.400000,8.600000
1.325000,8.650000,7.350000,8.650000
1.350000,8.700000,7.300000,8.700000
1.375000,8.750000,7.250000,8.750000
1.400000,8.800000,7.200000,8.800000
1.425000,8.850000,7.150000,8.850000
1.450000,8.900000,7.100000,8.900000
1.475000,8.950000,7.050000,8.950000
1.500000,9.000000,7.000000,9.000000
